<?xml version="1.0" encoding="UTF-8"?>
<!DOCTYPE hibernate-mapping PUBLIC 
    "-//Hibernate/Hibernate Mapping DTD 3.0//EN"
    "http://www.hibernate.org/dtd/hibernate-mapping-3.0.dtd">


<hibernate-mapping package="com.guiyan.domain">
	<class name="User" table="user">
		<id name="id">
			<generator class="uuid"></generator>
		</id>
		
		<property name="username" column="username"></property>
		<property name="password" column="password"></property>
		<property name="name" column="name"></property>
		<property name="email" column="email"></property>
		<property name="telephone" column="telephone"></property>
		<property name="state" column="state"></property>
		<property name="code" column="code"></property>
		<property name="image" column="image"></property>
		<property name="level" column="level"></property>
		<property name="coin" column="coin"></property>
		<property name="isdelete" column="isdelete"></property>
		<property name="createtime" column="createtime"></property>
	</class>
</hibernate-mapping>