<?xml version="1.0" encoding="UTF-8"?>
<!DOCTYPE struts PUBLIC
	"-//Apache Software Foundation//DTD Struts Configuration 2.5//EN"
	"http://struts.apache.org/dtds/struts-2.5.dtd">
<struts>
	<!-- 开启动态方法调用 -->
	<constant name="struts.devMode" value="true"></constant>
	<constant name="struts.enable.DynamicMethodInvocation" value="true"></constant>


	<!-- 告诉struts不用自己创建Action，spring来帮你创建 -->
	<constant name="struts.objectFactory" value="spring"></constant>

	<package name="SSH_Forum" namespace="/" extends="struts-default">
		<!-- 配置全局结果集 -->
		<global-results>
			<!-- 重定向到Action -->
			<result name="toDetail" type="redirectAction">
				<param name="actionName">PasteAction_getDetail</param>
				<!-- struts不认识pasteid则会封装到重定向的Action中 -->
				<param name="pasteid">${pasteid}</param>
			</result>
			<result name="error">/login.jsp</result>
		</global-results>

		<!-- 允许全部方法 -->
		<global-allowed-methods>regex:.*</global-allowed-methods>
		<action name="UserAction_*" class="com.jiguiyan.web.UserAction" method="{1}">
			<result name="toLogin" type="redirect">/login.jsp</result>
			<result name="login">/login.jsp</result>
			<result name="toIndex" type="redirect">/default.jsp</result>
			<result name="toRegisterSuccess" type="redirect">/registerSuccess.jsp</result>
		</action>

		<action name="PasteAction_*" class="com.jiguiyan.web.PasteAction" method="{1}">
			<!-- 重定向到jsp -->
			<result name="toIndex" type="redirect">/default.jsp</result>
			<!-- 转发到jsp -->
			<result name="detail">/detail.jsp</result>

		</action>

		<action name="GetDataAction_*" class="com.jiguiyan.web.GetDataAction" method="{1}">
			<result name="index">/index.jsp</result>
		</action>

		<action name="AnswerAction_*" class="com.jiguiyan.web.AnswerAction" method="{1}">

		</action>

		<action name="PraiseAction_*" class="com.jiguiyan.web.PraiseAction" method="{1}">

		</action>

	</package>

</struts>