<?xml version="1.0" encoding="UTF-8"?>

<beans xmlns="http://www.springframework.org/schema/beans" xmlns:xsi="http://www.w3.org/2001/XMLSchema-instance" xmlns:context="http://www.springframework.org/schema/context" xmlns:aop="http://www.springframework.org/schema/aop" xmlns:tx="http://www.springframework.org/schema/tx"
	xsi:schemaLocation="http://www.springframework.org/schema/beans
	http://www.springframework.org/schema/beans/spring-beans.xsd
	http://www.springframework.org/schema/context
	http://www.springframework.org/schema/context/spring-context.xsd
	http://www.springframework.org/schema/aop
	http://www.springframework.org/schema/aop/spring-aop.xsd
	http://www.springframework.org/schema/tx
	http://www.springframework.org/schema/tx/spring-tx.xsd
	">


	<bean name="dataSource" class="com.mchange.v2.c3p0.ComboPooledDataSource">
		<property name="jdbcUrl" value="jdbc:mysql:///ssh_forum"></property>
		<property name="driverClass" value="com.mysql.jdbc.Driver"></property>
		<property name="user" value="root"></property>
		<property name="password" value="root"></property>
	</bean>

	<bean name="sessionFactory" class="org.springframework.orm.hibernate5.LocalSessionFactoryBean">
		<property name="dataSource" ref="dataSource"></property>
		<property name="hibernateProperties">
			<props>
				<prop key="hibernate.dialect">org.hibernate.dialect.MySQL5InnoDBDialect</prop>
				<prop key="hibernate.hbm2ddl.auto">update</prop>
				<prop key="hibernate.show_sql">true</prop>
				<prop key="hibernate.format_sql">true</prop>
			</props>
		</property>
		<property name="mappingDirectoryLocations" value="classpath:com/guiyan/domain"></property>
	</bean>

	<!-- 配置事务 -->
	<bean name="transactionManager" class="org.springframework.orm.hibernate5.HibernateTransactionManager">
		<property name="sessionFactory" ref="sessionFactory"></property>
	</bean>

	<!-- 通知 -->
	<tx:advice id="advice" transaction-manager="transactionManager">
		<tx:attributes>
			<tx:method name="*" />
		</tx:attributes>
	</tx:advice>

	<!-- 织入 -->
	<aop:config>
		<aop:pointcut expression="execution(* com.guiyan.service.*.*(..))" id="pc"/>
		<aop:advisor advice-ref="advice" pointcut-ref="pc"/>
	</aop:config>


	<!-- 配置Action -->
	<bean name="getDataAction" class="com.guiyan.web.GetDataAction" scope="prototype">
		<property name="userService" ref="userService"></property>
		<property name="pasteService" ref="pasteService"></property>
		<property name="answerService" ref="answerService"></property>
		<property name="praiseService" ref="praiseService"></property>
	</bean>
	<bean name="userAction" class="com.guiyan.web.UserAction" scope="prototype">
		<property name="userService" ref="userService"></property>
	</bean>
	<bean name="pasteAction" class="com.guiyan.web.PasteAction" scope="prototype">
		<property name="pasteService" ref="pasteService"></property>
	</bean>
	
	
	
	<!-- 配置Service -->
	<bean name="userService" class="com.guiyan.service.UserService">
		<property name="userDao" ref="userDao"></property>
	</bean>
	<bean name="pasteService" class="com.guiyan.service.PasteService">
		<property name="pasteDao" ref="pasteDao"></property>
	</bean>
	
	<bean name="answerService" class="com.guiyan.service.AnswerService">
		<property name="answerDao" ref="answerDao"></property>
	</bean>
	<bean name="praiseService" class="com.guiyan.service.PraiseService">
		<property name="praiseDao" ref="praiseDao"></property>
	</bean>

	<!-- 配置Dao -->
	<bean name="userDao" class="com.guiyan.dao.UserDao">
		<property name="sessionFactory" ref="sessionFactory"></property>
	</bean>
	<bean name="pasteDao" class="com.guiyan.dao.PasteDao">
		<property name="sessionFactory" ref="sessionFactory"></property>
	</bean>
	<bean name="answerDao" class="com.guiyan.dao.AnswerDao">
		<property name="sessionFactory" ref="sessionFactory"></property>
	</bean>
	<bean name="praiseDao" class="com.guiyan.dao.PraiseDao">
		<property name="sessionFactory" ref="sessionFactory"></property>
	</bean>










</beans>